Team_Id,Team_Name,,
2,Zenith,,
3,compLexity Gaming,,
4,EHOME,,
5,Invictus Gaming,,
7,DK,,
9,Keita Gaming,,
11,AEONSports,,
12,Ahead.kz,,
15,LGD-GAMING,,
16,MSI-evoGT The-net.com,,
20,TongFu|,,
21,zNation,,
23,Team Infused,,
24,Signature.Dota2,,
26,mousesports,,
29,Team Quantic,,
30,mTw,,
34,DuskBin-Esports,,
35,ICE`,,
36,Natus Vincere,,
37,Mineski Hyper-X,,
39,Evil Geniuses,,
41,4 Friends + Chrillee,,
46,Team Empire,,
55,_PowerRangers,,
59,Kaipi,,
67,paiN Gaming,,
80,Mineski HyperX,,
142,Team Dignitas,,
147,Learn2Gank,,
585,Big Dick Bandits,,
2163,Team Liquid,,
2817,Yellow Solo Mid,,
3515,euforia,,
5838,Dota Pop,,
6684,GizMo Gaming,,
9740,Ti9 Champion,,
9896,Can't Say Wips,,
12388,The awesome RedTeam,,
22906,WOND5.,,
32150,Gseven,,
33885,Ghosts`,,
36008,ROOT Gaming,,
41001,Neverflat empireZ,,
41995,Svaha,,
49278,DotaBoyz,,
55316,devedeset i devet posto,,
60821,Autocrat Gaming,,
68571,I'm WangDaChui.,,
77666,LGD-GAMING.int,,
81012,For Love.,,
90566,WHADDAP BRUH BRUH WHADDAP CUH CU,,
94968,top5,,
95901,AKG Acoustics,,
97215,neXtPlease! Gaming,,
100990,chernaya loshadka,,
105374,ViCi Gaming__,,
111265,LucidLunatics,,
111474,Alliance,,
126274,IL` VINCITORE,,
135040,VinkelTruppen,,
143218,Chosen Heroes,,
145025,SplasH Gaming,,
151368,Awake ;),,
157818,Sad_Gaming,,
170374,Philip,,
173694,Tonight,,
188239,Orange1,,
208148,Big wenling,,
216069,Team Vanquisher,,
234666,Neolution E-Sport International,,
237586,Seniors Reborn,,
248456,Invasion eSports,,
250096,ILONKA,,
253657,No Stun! pe,,
254140,First Departure,,
255243,Sea Slug,,
257124,madjicK Gaming,,
260085,U.5,,
267385,Tibunet E-Sport, you are doing fine.,
267625,Diaosi-SAGA,,
269944,Veyron.International,,
279329,team natty lite,,
292220,LaG.T.T,,
293390,Radical Online X-tremists,,
303008,The-Net.Com Gaming,,
309574,QPAD Red Pandas,,
311079,rebeldes,,
314627,Swagenteiger,,
315670,Artysta,,
321643,Los Xu,,
323008,WORLD STAR HIP HOP,,
331142,Team Unlogic,,
350190,Fnatic,,
358544,Embrace The Chaos,,
367492,Revenge-,,
373662,The sundelinboi killerz,,
374623,Barroth's Awfuk Dota,,
374859,Kaidota,,
376560,Everlast by Gamefilling,,
380569,Dark Colored Men,,
392681,anima_,,
397442,L'Amical Savoyard de la Raclette,,
407959,CrossOverG.,,
408335,DustGaming,,
410024,DRMZLEDIONSTEELSERIES,,
412269,Trolls and Elves,,
414893,shitbirds,,
416900,Orange.Neolution Esports,,
417628,Joe Elite Team,,
419398,Last Resort^^,,
422079,Meenix eSports,,
429126,Fnatic North America,,
433549,TheRerereTRY,,
446935,NetolicSA,,
448327,Ecke Der Toten,,
453325,Crew!,,
454891,MEKA.Tt eSPORT,,
460316,UrsaStroitHramm,,
463048,insidiousidol,,
465398,Chui Niu Bi,,
470148,4 plebeus + fahobi,,
470237,High Skill Dickheads,,
473924,Despicable Me 2,,
478090,Eat Bulaga Dabarkadz,,
482175,Super Papagaj,,
484909,Hyper Glory Team,,
485526,Life.,,
486667,Majestic e-Sports,,
494197,EXECRATION1,,
495053,The Bree-TeenZ,,
496207,Hello This is Dog ',,
496774,RaTtLeSnAkE. CN GaMiNg,,
497529,Invasion MUFC,,
499934,Suicide Auto-Cast,,
504962,The overpowered,,
512489,..Game..Of..Throws..,,
515618,Aprils fool's day,,
517316,My Courier Can Fly,,
525403,YANELOS AKMOLOS,,
527114,ESport Next Gaming,,
543897,Mineski.Sports5,,
544957,NO INVOKERS,,
557658,python.Hunterz,,
558159,Annie,,
558666,ZiBiDotoBestDoto,,
559227,Almost Decent,,
559789,inphinity +4),,
568941,N.x^,,
570152,Insidious Gaming Int,,
570361,Omaley Gaming,,
576996,Eto Je...,,
577426,Kamikaze-,,
582318,Birdgang,,
584193,FataL [F]ormation,,
586830,Rhythm Miraculous,,
588250,Yolo Swag Vestre!,,
597252,Druidz Esport,,
607108,uebelst-_-gamynG,,
608618,Only AntiMage,,
609486,zerO-Limits`,,
620075,B2W,,
633833,New Element,,
634974,Zero Co-ordination-,,
637725,<>..,,
658382,WhiteFlagBear,,
676499,HOT HANDS HAND WARMERS,,
680683,Quantic|Gaming,,
680763,Koroks Girth,,
684912,nAra sTacks,,
687124,Fever Dota,,
688276,MSI-EvoGT.TRIC,,
691927,TEAM XENEX,,
694824,Kiseki no Sedai,,
697585,savetheworld_cn,,
699943,Kuroko no doto,,
700779,The House is Down.,,
705015,Chunwuliao,,
708206,DAGGER-GAMING,,
711486,-=D.N.A GamerZ=-,,
711796,OguraYui,,
713656,E-sports Zenith Gaming,,
715818,All 5tar TeaM,,
720700,Union Gaming PE,,
725373,LeGioN Gaming VE,,
726228,Vici Gaming,,
726715,CybernetAllianceSociety,,
746253,Tian Chao,,
748882,UnderRateds`,,
749025,Psycho Koalaz,,
750805,The United Front,,
753402,Evil_Bomb,,
757788,DoTT,,
758797,MONKEY FREEDOM FIGHTERS,,
760055,Vintage Gamers,,
761059,MARCEL THE SHELL WITH SHOES ON 2,,
763452,The Bonk,,
767207,EMqwer,,
768475,dargoneblaydes,,
769603,FINSTACK,,
776423,TRee NewbI,,
780202,Maruchan,,
784775,Cede.Nullis,,
795543,Arcanys Gaming,,
798967,Immortal Hunters,,
805172,Avant Garde Gaming,,
805174,Dt GAMING,,
805804,"OUTRAGE""",,
806835,Dotilicos Gaming,,
813776,AncientWarriorsGaming,,
818732,Paa,,
822686,Sexy Foods,,
822799,Rest !n Peace,,
826237,Team Aspera.,,
827550,Team Bolivia,,
827889,Perfect To Dream,,
829574,InVinCibleFlamezonE,,
844491,NoName Lobsters,,
847876,Become Dota King,,
848279,Dream OX,,
857700,Sanity's Eclipse NA,,
864527,Team ARK,,
867049,Gabe Pls,,
867556,EternaLEnVy's disciples,,
868326,Big.Ghost,,
869833,zajituan!,,
874932,_Komanda_5,,
881392,South Beach Dota,,
882439,Max King,,
883545,Kawaii^,,
886928,Revival Dragons.,,
887585,NoThreat,,
888984,Team-CYCLONES,,
910414,SHIF7 Gaming,,
916115,Mahameru.ID,,
917348,Wired Gamingg,,
920301,Choke-,,
926248,Biker Mice,,
928096,LvYexIanZong,,
932516,HEAT.International,,
934980,PRO CAPTAIN EASY GAME,,
936089,Project` DotA,,
940183,Lion Soul,,
947729,Taste the Rainbow!!!,,
947846,Team FiFty9,,
951586,RananeT Gaming,,
952220,Team StarTale,,
953172,PO5EiDON,,
957892,4Head1Creep,,
960081,ZERO RESPECT !,,
971405,ComeGetOwned,,
972620,Infs,,
973743,.Team Russia.,,
976883,ExeCuTion.IND,,
980456,Ham-Ham Clubhouse,,
981293,_Cleave_,,
982030,Flaze Squad,,
982122,Team Quetzal,,
983699,Turtlemasters,,
985583,.TSG,,
986353,Rotten Stuff,,
987035,-Artificial Intelligence-,,
990533,MeeT YouR Mak3rS,,
992400,Team Underminer,,
992815,MVP HOTSIX,,
993779,_Kitsune_,,
995682,SuperStrongDinosaurs,,
995707,TongFu.WanZhou,,
997150,Skarmory,,
999689,Titan,,
1000600,xXDDDDDDDDDDD,,
1004563,Out2win,,
1009838,Medan Wolves,,
1025734,LUCCINI GAM1NG,,
1025875,Team Unite Dota2,,
1028299,Dragon Sx,,
1034366,POTA2,,
1038296,Ya In Gang,,
1046480,Imbalances BansaiKia,,
1047281,Speed Gaming International,,
1047542,Team -EnvY,,
1049537,iDEAL Gigabyte,,
1053907,Genysis,,
1054897,PENGYOU,,
1055544,Hehe United.,,
1056102,BIRKIEBOYS,,
1059824,Dream time.,,
1061269,KINGAO + 4,,
1062498,Violent.Club,,
1063650,The 0verwhelming,,
1063955,Assassin's Dynasty,,
1064684,Team AbccccccbA,,
1065394,FlipSideTactics,,
1065790,Team Vas'Avi,,
1066635,Whopper Wednesday,,
1075534,Orange Esports Dota,,
1079149,SIGMA.int,,
1080746,The Prime Arvore,,
1083268,[L]ittle.Revival,,
1083873,Fiskestanga,,
1087145,Osliki Gaming,,
1087276,The Thundercats!,,
1089763,NeverGaming,,
1089897,My Horse is Amazing!!!,,
1098694,dancing blade,,
1103279,Tryhard !!,,
1104026,For Our Utopia,,
1105664,Rex Regum QEON,,
1108777,Gallus Petrae,,
1108924,Meet Your Makers INT,,
1114036,K1ck eSports,,
1114733,PRO PLAYERS EASY GAME,,
1114900,ASDF Indo,,
1115421,BBUBU+4,,
1133086,Lo']['eM,,
1133709,RevivaL.S7NC,,
1142926,Team Li Hua,,
1146132,SOUL KEEPER GAMING CENTER R,,
1146457,KYT YAKOOZA,,
1148284,MVP Phoenix,,
1150632,Garuda Infinity,,
1150969,Los del Astillero,,
1151120,Midnight-Pulse,,
1151196,Wu Chuan Army,,
1151811,TongFuCN,,
1156919,LGD-Gaming International,,
1161668,xGame.kz,,
1163855,GOOMBA Gamingg,,
1165009,limit leap,,
1170473,VolcaniaGaming,,
1175580,sQreen's squad v2.0,,
1175711,[TTW] Time To Win,,
1176445,OI MEU CHAPA,,
1178523,WoaaH,,
1180308,Shared Tango Gaming,,
1180880,Meta Luigi,,
1182003,Tricked e-Sports,,
1184698,Decerto.Ozone.,,
1194118,Relax,,
1194539,Aspera/,,
1195794,BearShark,,
1199060,Operation Kino eSports,,
1199473,DEMONIAC - S,,
1200125,Rise to Glory [Phoenix] Division,,
1201575,Andre's,,
1201616,whut one piece,,
1208679,Aspera),,
1215507,The Mad Scientists,,
1217191,Empire Gaming Astana,,
1217261,mousesportz,,
1217455,T h e S C O U R G E,,
1218167,GameTV.,,
1218336,Eternal.ID,,
1220593,Kingdom-,,
1221481,Survivors Of Last Offense,,
1226701,Fa/Another,,
1232509,Last Ominous,,
1236083,FelMysT,,
1236868,Cyl3er Arena Gaming,,
1237627,W.R.E.,,
1240291,Hohai U,,
1242087,Exile 5,,
1245961,ZephyrDota,,
1248512,Kompas Gaming,,
1249631,your_family,,
1251704,Mangueboys,,
1251755,March of Masick,,
1252040,Team_eHug,,
1257752,Telmate Terrors,,
1260464,MouseOne!,,
1262707,Dota 2 @ VCU,,
1265213,Raw Talent,,
1266451,Micare in tenebris,,
1268614,Mysterious##,,
1270365,Repellian,,
1271771,Zero Latitude,,
1272244,Ehome.X,,
1272671,scfe,,
1276785,The Mongolz,,
1276821,Team ImpreZa 2015,,
1276923,Leviathan',,
1277097,After Life X,,
1277104,Nvidia.ArrowGaming.AVF,,
1278529,Comeback-,,
1283482,Scythe.SG-,,
1286339,Arizona Iced Out Boys,,
1286591,Helvete Tot Morgen,,
1287185,Pandawa.5,,
1287558,2,,
1287653,Assail,,
1289085,BVD BLUE LMAO?,,
1291626,XPC.gg,,
1295621,PowerPlay E-Sports,,
1297607,winnerers,,
1297648,Still Ganking,,
1297984,Vhoul Assassins,,
1299826,Moosesports!,,
1302405,Vast Cast,,
1303491,-Team Nemesis-,,
1303502,SuperEbolacAncer,,
1307991,TEAM DEVIL,,
1308992,Obscured By Clouds,,
1309301,hiGh^pro,,
1309691,GET OUTS,,
1312775,CIS-Game,,
1314487,Click N Search,,
1317203,Central of Fear,,
1318509,Tiken +4 virgins,,
1318686,NO! Earthspirit,,
1319952,who2bet.D2R,,
1321909,Isurus Gaming HyperX,,
1325243,Team Phoenix Rising,,
1333179,Cloud9 G2A,,
1333210,PetioZnaeNaiDobre,,
1333775,planet hype,,
1335685,MeetYourMakers.Dota2,,
1336982,Team Ex.QuerreD,,
1339401,.MouseHunt Gaming.,,
1341605,The Legend Of Autism,,
1342047,Team Uncrustables,,
1342689,Swin Squad,,
1348175,!RAZE E-SPORTS CLUB,,
1351674,Monkey Spanner,,
1353274,dignotoss,,
1360807,Sirkuss,,
1363031,Stealth._.Gaming,,
1364927,Dream - Gamin,,
1365728,Magic Pigeons,,
1366458,R a v e,,
1366506,Black Sheep!,,
1367764,Happy boys in the world,,
1369401,TongSing Dota 2,,
1370034,GOSUNET,,
1370482,Doggy Team,,
1370716,God's Mercy,,
1371515,Aware.Gaming,,
1373008,Orenda.US,,
1374236,Ahead.,,
1375614,Newbee,,
1375633,Zero Latitude 2,,
1375804,Jah Army 69,,
1375816,Born Incomplete,,
1378759,Living for Dota,,
1378814,Ing-ing-inG,,
1379666,TheBlingEmpire,,
1379966,No Kaer,,
1380025,Plantronics Nv,,
1381402,VulpesQu,,
1384095,NoProblem.kr,,
1387750,CNB HyperX,,
1387916,MagnetoGaming,,
1392666,SPD-GAMING,,
1393633,Natum Spes.,,
1394471,Nameless dota,,
1396252,Team UNLSH,,
1397723,TH3 faLL3n,,
1401582,Gents Gaming,,
1403764,NEGATIVE`,,
1405222,Happy Feeding,,
1407226,Van Candy,,
1410054,THE NEUTRONS,,
1410456,TeamCoast,,
1410939,[D5] Dagon Five,,
1412659,Mum I Need Tangoes!,,
1413756,TeamPikachuuu,,
1418138,Execration-2,,
1421914,Zenith.E-sports.CN,,
1425274,Weaboos United,,
1428234,AVANT GARDE: OCE,,
1430015,*KANON*,,
1432132,[Chaos crowned],,
1434361,Simple 5.,,
1440045,SlayerGames,,
1440293,Imperium Pro Team,,
1441092,Bu Lai Hou Hui,,
1442902,dSc gaming,,
1444896,invincible Russia,,
1447341,MengXiangWangLuo,,
1449413,COOKISS,,
1449666,Team Bulgaria,,
1453020,Sneaky Nyx Assassins,,
1455535,Sbwen,,
1455980,Los Charreros,,
1457502,Talent.cn,,
1460834,White and Red,,
1461893,TEAM Let'sGo,,
1462571,CounterHelix,,
1463153,Team Yard,,
1464407,Immunity Dota,,
1473227,DonDs.The{D}Givers,,
1476172,Cafeteria fraiche,,
1476559,Ositos Polares,,
1477756,ViolentGaming.,,
1478921,mYinsanity - sensei,,
1479019,Donkey blink dota,,
1481391,Techno Tinkers,,
1481943,~Shadows of the Past~,,
1481989,Blue Sauron,,
1481990,Vacation Dampeer,,
1486957,Crit=Ubit,,
1493301,NERDZONE,,
1494951,MaxFloPlaY,,
1496373,Pandora E-Sports,,
1496735,Ready To Fight,,
1499348,Dagon5.dota2,,
1501259,Unbelivable Gaming,,
1501905,Arts.cn,,
1503165,SlipKnot team.rubias19,,
1505134,Team Super Optimistic,,
1509822,Ignite Force,,
1510783,Hidden Pool Kings,,
1511017,One2Three4Seven,,
1513164,aSpera ESports,,
1513561,StarsBoba.Reborn,,
1515810,Lux Legio,,
1518118,Team Poker Face,,
1519156,Dack,,
1519554,Team Muhan,,
1520064,wearebug,,
1520578,CDEC Gaming,,
1521260,ColourfulRainbows,,
1521558,Team Erase,,
1524279,Fluffy^^^Bears,,
1529089,littleBoys,,
1529126,SCARYFACEZZZZZZZ,,
1531850,North American Rejects,,
1532236,Panther.,,
1532240,Jorge Solo Quiere Amigos,,
1534289,Guilty Crownn,,
1534470,Dota Extreme Society,,
1534797,Attack_SMile,,
1537485,Disconnect One,,
1538431,Have no awnser,,
1540210,MiGo.CN,,
1540801,FlFA,,
1541070,Valkyri3,,
1544907,No Perrito,,
1549365,Naix Gondar,,
1550845,Team-Burster,,
1551982,startedfromzehbottomnowwehere,,
1555981,BKB48,,
1556372,FishLordHowe,,
1556824,Cela plus 4,,
1556884,AftershockGaming Int.,,
1557544,Kawaii Desu NEE,,
1558694,Aesculap Gaming Team,,
1560507,yoU aRe Monster,,
1561221,Tables Turned,,
1561998,ROBOTSMASTER,,
1563135,RTK GAMING,,
1567323,DanRan,,
1570127,Elite Dominators,,
1572743,King of Pigeon,,
1576946,AloneAloneAlone,,
1586323,Natusvinceredota2,,
1589322,Terror blade !!,,
1589592,Balkan Bears Corleone,,
1590664,DreamDestroyers,,
1590983,Click and Search,,
1592513,The Brother Of Forever,,
1595874,APETACO,,
1605558,Team Panglima,,
1605750,White Rabbit ~ newb,,
1607094,Carlton Is King,,
1616631,Flip.Sid3 Tactics NA,,
1616740,ravagee,,
1620577,luo ma yu chang,,
1626524,BelgianRD,,
1626847,Tengen Gaming,,
1627315,Regular Dangerous,,
1629647,Without_Fear,,
1633355,New Star Com,,
1633432,Not Today !,,
1642608,G'B.int,,
1642833,micigaming,,
1642908,Natus Vincere US,,
1648005,Inter Active Philippines,,
1649680,Zrii,,
1657506,WE SCARE THEM,,
1658603,TEAM FULL OF SHA BI,,
1664586,chase_1st.,,
1667063,nxl.GIGABYTE,,
1667620,ZonaVip Gaming|,,
1671113,SEEDTEAM,,
1672671,SuZhou Professional KengBi,,
1675006,[Fake],,
1678667,BEER BINTANG,,
1679057,Keng And Our Friends,,
1679543,AffectioN!,,
1679554,Imba Gaming Vietnam,,
1695207,Skyland Global,,
1698139,Dream Five ID,,
1698450,Podkoni a zak,,
1700407,Clan 14,,
1700959,She Was 9 Thought She Was Fine,,
1701225,3c4sr,,
1701544,Friendship,,
1702719,Los Pelotubbies,,
1702762,Energy Piglets,,
1703210,New Equality,,
1704847,. Be Water My Friend .,,
1705097,Argentinian Rejects,,
1705125,<Amnesia.F>,,
1712466,Sakura Club,,
1717300,Unidos Rompemos Culos Gaming,,
1717489,Mom's a stripper,,
1718551,ROOT-gaming.com,,
1719811,TeamRaki322,,
1721057,Return Of Legend,,
1722557,Ca$hville Dota,,
1722916,Mosquito--repellent incense,,
1724816,Eury.nomos,,
1724864,INVINCICIBLLE,,
1725918,ViRu,,
1725957,TeamstayGreen,,
1730467,DaiHentai!,,
1732138,xRG Gaming,,
1733968,JJY,,
1736743,Elysium!,,
1738085,B-minor Gaming Style,,
1738255,ChangZhouLongChengClub,,
1743746,Heroes of Lumby,,
1744439,BET BOYS,,
1748111,Duza Gaming.,,
1751042,MODUS VITAE,,
1755084,BrazillianHandz,,
1758629,`Ardent Blaze,,
1759298,Eastern X Eagles,,
1760771,Furious Gaming,,
1762403,Legio.Victrix,,
1762814,rizeGaming International,,
1762960,Canadian Backstabbers,,
1767369,F[u]Ry,,
1770019,Tiffany Hwang,,
1770259,PogChamp,,
1772504,TSB+4,,
1773539,Battle Zone-,,
1783768,Sciency Stuff,,
1789363,Team.GO,,
1789906,#SWAGHANIM'S SCEPTER,,
1790099,Pit Lord Meta,,
1790144,Pair O' Dice,,
1790418,Pride Of Dreamer,,
1792556,Gerg Squad,,
1792772,mixmixmixmixmixmix,,
1795724,Yahweh Mercy,,
1798782,Exotic Nexus,,
1803996,NAM VEZET-MI IGRAEM,,
1804536,STARK.gg,,
1804583,Aces.VN,,
1805039,BIRAK,,
1808224,DishuiZuibadui,,
1809199,Alpha-eSports,,
1810136,Bened + 5,,
1814559,WIN NOGAMES,,
1816451,Gigabyte - DoA,,
1817815,Johnny's Revenge,,
1819343,Rivals and Virtual Enemy,,
1820360,TEAMERINO TINKERINO,,
1822164,sun ofbeach,,
1824043,Q93 BOYS,,
1824413,Five Peaks,,
1826766,aBcaBcABCccc,,
1828060,Feed The Waldos!!,,
1829282,Denial Esports|,,
1832002,[War Net]Gaming,,
1834406,CTW is back,,
1835837,Shadow_Knight,,
1836806,the wings gaming,,
1838315,Team Secret,,
1839396,Moscow Five RUS,,
1840047,BUHLO RULIT,,
1840773,Shadows of the Past.,,
1841128,Gigabyte G-1,,
1841789,The Fab 5,,
1842223,Joker.Gaming`,,
1846548,HellRaisers`,,
1848158,LV-Gaming,,
1848465,LaiGaming,,
1851875,Team SynChronize,,
1854651,Grey crown,,
1855559,~Dotality~,,
1857833,KomandaMinus,,
1859476,Cafe Lu Crew,,
1859971,4 Bunnies 1 Turtle.,,
1863244,Dota Council,,
1865976,vkt` STACK,,
1866518,Electronic Avenger,,
1866993,Speed Gaming.Nan Tong,,
1869017,Victorious- Secret,,
1869209,hongxing 5,,
1869450,For-Soul,,
1869482,Wombat-Gaming,,
1878785,ProtEZ Gaming,,
1879087,KOTH.Agility,,
1879611,Gool luck,,
1882693,womenshiyu,,
1883502,Virtus.pro,,
1884204,NEXT.Kz..,,
1884355,Void Boys,,
1884586,VegetableBee,,
1886415,Team 59,,
1888519,Jesus.+4,,
1896919,borsch v zasade,,
1897741,Revolution E-Sport Gaming,,
1898879,| Team Alpha |,,
1900122,ForanchosGaming.PE,,
1904975,1.24E+11,,
1905619,Wheel Whreck While Whistling,,
1905635,INTZ e-Sports,,
1907726,Team {A}nonymous,,
1908179,DUOBAO,,
1908636,No_Name_Kids,,
1909442,Poker|fAce,,
1910569,No-Cooldown,,
1910985,TeamMalaysia,,
1917833,Adeks e-Sports,,
1919394,MyNepal Gaming,,
1924298,Pizza Con Meepo,,
1924932,Nirvana Rebirth.,,
1926560,Ouster.161,,
1926779,AXEATACKSSS,,
1926789,sPodlivoiGaming,,
1927365, s1.Lykos,,
1929639,Art Gaming Indonesia,,
1929695,KappaGam!ng,,
1932497,i want to win!,,
1933305,Please Report Timbersaw,,
1934712,Hao Fan Club,,
1935578,Det Gronne Omrade,,
1935849,Men of Pauses,,
1936852,BalkanBearsRo,,
1936980,Spin To Win!,,
1937628,Boreal eSports,,
1939134,RES NON VERBA.,,
1941004,bloos clues,,
1942685,Together We Did It,,
1942710,Nunchuck Spiders,,
1943904,Butter Fly ~,,
1946225,NewWinner,,
1946893,nobilii,,
1951061,Newbee.Young,,
1953038,Ape Zone,,
1953856,F.uck Me, Dedication, and Love
1954198,2144 Gaming.Shield,,
1956740,Riki Ricon,,
1957463,MuLan.girls,,
1957910,Lilith7,,
1958591,Kalmykia e-Sports,,
1958953,BRUDDAHS,,
1960029,Energy Pacemaker gaming,,
1961734,ROAL,,
1962542,oldbird,,
1962669,XIGUADADUI,,
1964407,Comanche,,
1964517,FanYYYC,,
1965150,No Snake Allowed,,
1965600,Soul_L,,
1966890,London Conspiracy Dota2,,
1967794,Will dry you,,
1969255,Defence Yard,,
1971815,Surekh Gaming!!!,,
1972794,CYGNUS G.C,,
1972856,NEKO.TEAM.,,
1976242,Sirius Team,,
1977983,RaoPing,,
1978511,chinese hope, Dedication, Love2
1980239,yungburden,,
1980483,The Summit Wing,,
1981373,Shandong University TUFC Gaming,,
1982184,w4cdg,,
1983178,Friendship,,
1983234,Team Braveheart,,
1983867,Heng Heng Pain Train,,
1987686,Chillin Team,,
1987765,LastHit.,,
1987797,DEMI GODS PE,,
1990121,G Guard,,
1990162,Moscow Five International,,
1993193,Game Stuff,,
1993332,PuDongOldboy,,
1993524,Suxy squad,,
1994238,NatashaIshetParnya,,
1994846,Team Finland,,
1994905,TeamRomania,,
1994971,Norway.dota2,,
1995288,Rote Konig,,
1995825,[XABLAU],,
1996176,Cechi +4,,
1996833,TuNiSiA,,
1997451,Team New Era.,,
1998398,.WARCHIEFS.,,
1998556,Wolf brother,,
2000268,TeamInferno,,
2001734,OneDream!!,,
2002195,Feed Gaming*,,
2002380,Exort GamingF,,
2005373,Project\DotA,,
2005386,FiveFreshFishes,,
2005411,The Continent,,
2006291,Lajons,,
2006414,Midas Touched,,
2006913,Vega Squadron,,
2007518,We Cannot Dota,,
2007896,Nightcore-,,
2011234,Basically Unknown,,
2014267,GNZ,,
2015362,OIL COLOR,,
2016169,Black Clown,,
2016525,Inverse TW,,
2018688,H TYPE STEEL,,
2019384,[Flip.Sid3 Tactics],,
2020356,The Plumber Crackers,,
2020914,Voltis is Real,,
2020948,DDos ne proydet!!,,
2022952,choppie,,
2024718,#section80.,,
2027326,ieS.Gaming,,
2030300,TUFF DOTA,,
2030313,Aether Gaming-,,
2032869,Hzxzx,,
2034364,n0GAMESENSE,,
2034857,/blank\,,
2037342,UniversalThreath,,
2037418,Tr14l & 3rr0r,,
2038018,Pacific eSports Dota 2,,
2038339,WHZX,,
2039903,Dumbledore`s Army,,
2039994,On a Mission,,
2040144,Primal Team,,
2041520,Guess Jeans,,
2043256,Caution Xtreme,,
2045703,king of ball,,
2046126,Los Tunas Gaming PE,,
2049038,BEEKDEEK,,
2049385,GoodStyle,,
2052902,Extraordinary-Team,,
2054580,hangdianoldman,,
2054686,DeamDotaUP,,
2055081,LaoChiHan,,
2057132,XtremeDota`,,
2058483,Shark G@ming,,
2058524,GodLike^^,,
2059672,FireDota,,
2064049,Team Jerry,,
2064100,.Deus,,
2065321,Saint Pls Stop Feeding,,
2067023,loyolites,,
2068350,[InFerNuS],,
2068844,UNKLE,,
2069049,ThreeDay,,
2073138,Chu Chu Rocket,,
2073473,FOO.GAMING,,
2074840,Conchetumarino,,
2076022,Black Knights 17,,
2077272,KS-,,
2080691,San Luis Gaming,,
2081859,ElysiumGaming.CMSTORM,,
2085365,-Ninjas-in-Pyjamas-,,
2085541,Team D-Company [REVOLUTION],,
2086529,Que Pasa No?,,
2088456,5 Pencils 1 Case Gaming,,
2089173,Strikeagle,,
2094703,The Funk Bunch,,
2098192,#NAME?,,
2098304,SpeedFinger Gaming,,
2098516,TEAMM!,,
2098902,Flair Gaming,,
2099070,Codex Gigas,,
2099268,StanDiN-5,,
2099436,Team Redemption`,,
2100450,Awake.RV,,
2101260,BigGooooood,,
2101368,LaDottA's Stacks,,
2103577,.Thundercats.,,
2108395,TNC Pro Team,,
2112041,Moistness in Action,,
2112249,DotP.Hakuna Mirana,,
2112592,Flamin Pink Flamingos,,
2114850,Eye Of DooM^^,,
2117001,Skyville <3,,
2118226,No Practice Gaming*,,
2118259,Morphing_Pro,,
2118451,Babalar,,
2118786,Rebounders,,
2120771,Team ICE`,,
2121414,Phantom Troupes,,
2121477,AmazorGaming.Hco,,
2122095,Illuminati Gaming.,,
2123872,Awesome Kamikaze Pilots!,,
2124103,It's Alksoes Fault,,
2127330,xant!c,,
2128595,Imba.ph,,
2132092,pii,,
2133008,Apes and Chimps,,
2137904,Little Heroes of the Forest,,
2137921,Know Your Enemy!,,
2139837,AllStarZ Gaming,,
2142166,Mirror and all his,,
2142943,Lacresha,,
2146127,Uninvited Team,,
2147110,[The Pixies],,
2148108,Persson,,
2148321,5eva.,,
2149606,PUB REJECTS,,
2151103,Team Taivnaa,,
2154602,fkalsdjf;,,
2165940,Monkey Fever,,
2171858,Tards',,
2173259,Wonder Stag e-Sports,,
2181226,FLUTTERBOYS,,
2181993,HohliPlusOdin,,
2184343,1 Game 1 Dream,,
2184710,Monib Baray,,
2186377,Team sQuO,,
2191229,Extreme Gaming Philippines.,,
2192449,Mythical Dreams,,
2192525,TongFu North America,,
2197847,Burden United,,
2199564,Jayce N.G,,
2201820,-United We Stand-,,
2201839,MVP HOT6,,
2202692,DarkyTeam,,
2204516,"Whos""Next",,
2204559,Pollywogs,,
2205890,Masters Of Our Own Fate,,
2208198,Team (Toronto) Fight Club,,
2208422,Anubis Gaming . 812,,
2208432,no broodmama,,
2208569,Scarsdale High School,,
2208748,Team DuoBao,,
2208860,Spartan Five,,
2209062,TrackMate.TRIC,,
2211803,eGamersX,,
2213967,DevilsInTheDark,,
2217730,Kingdom DotA~,,
2219124,Planet Terra,,
2219924,CrYsTAL Gaming...,,
2222824,Rock Dragons,,
2224197,G Guard Esports,,
2224660,Namawadecil,,
2224698,O1d Boys,,
2230029,Beyond Godlike 5,,
2231078,Crucial Team,,
2233998,Brilliant.,,
2234860,DriveAlone,,
2235783,Taco Life,,
2236401,Haggu Chand Players,,
2237020,Fast Union,,
2238075,Tubinet Gaming,,
2239086,Ehome Malaysia,,
2240771,Piece of Cake...,,
2242855,P-Paradise,,
2242878,Shigatsu wa Kimi no Uso,,
2243650,EHOME.K,,
2244697,Team Archon,,
2246141,Team Alternate Attax,,
2247356,DarkLightning,,
2248605,Newbee.miracle,,
2249195,noname team.,,
2249672,Plan D Gaming,,
2250864,Mushin Perunamuussi,,
2263762,FairPlay Gaming.TB,,
2263934,Anak Ondel Ondel,,
2265038,Ape Zone 2.0,,
2267023,Penguin Fish,,
2268697,dile.com,,
2269474,Team Noise,,
2270580,Wizardz wit' Attitudes,,
2274758,Academia Gaming Club,,
2276247,Mamas-Boys,,
2276845,NA Boys,,
2278738,Nel Goons,,
2279447,You TD Savants,,
2282360,Team October.,,
2284604,Lampo Syndrome,,
2288296,Team No Infernape,,
2289551,NovaG,,
2289950,Balrogs e-Sport,,
2290006,TwistedFuzion,,
2290010,.Black Knights,,
2292308,Soulless Gamers,,
2292362,Gods party,,
2293413,Lemondogs.Dota2,,
2293648,EvilNine Esport,,
2293748,Nepalese With Attitude,,
2297977,Laskar Jangkrik,,
2300534,NEMARINOS,,
2303146,7HiLLS,,
2304055,Dreams-to-Reality,,
2305490,Team Secr3t young,,
2308619,Note,,
2308687,THE CHIQUILITOS,,
2308703,Bacon Gives Me Orgasms,,
2309743,Cr@B PeOpLe 7,,
2310316,Bolt3,,
2310555,DrinkingBoys,,
2313526,RATS-SECRETS,,
2317192,DiscotecaMakondos,,
2318015,EhShasBi...,,
2319121,RevivaL.eSports,,
2320414,DK.Scuderia,,
2323376,The Business gaming.com,,
2326703,Isis Zona GameR,,
2328690,Elus1ve,,
2329127,The Bathtub Club,,
2330985,Insane Buster,,
2332600,Dream place to Star,,
2337450,MAKISS,,
2338012,KANISTRA IN ATTACK,,
2339735,7K+, Dedication, Love
2339790,Party Illegal,,
2341834,ABRAXAS.,,
2341892,I N S A N E B O Y S,,
2343061,The Balkan Bears,,
2346135,Team HLH,,
2350559,UNKNOWN #####,,
2352461,Rakuzan.High,,
2358773,motoca_123,,
2360829,Quick Time,,
2361798,TEAM CHICHARRON,,
2362377,D.N.A GamerZ,,
2365099,Meow+friends,,
2370108,5.RANDOMS,,
2373906,USBC1D1,,
2374212,E-Sports Dream,,
2374819,V1xen eSports Club,,
2375655,Very Low Gaming,,
2378755,NXG Team,,
2379516,Could Pick Rubick,,
2384037,Agnee,,
2384932,Team OvP.,,
2386091,BBC Barcode,,
2386513,Kappa Squad-,,
2391298,Viggo.net E-sports,,
2395976,Made in NIS,,
2396744,AudioGanj,,
2398098,Mereana Mordegard,,
2398232,Acion Arena Pro Team,,
2400525,XTROM,,
2401016,Red Panda Rangers,,
2403940,4 Creeps and Ranged,,
2406649,Nerd_Team,,
2406808,World's End,,
2411267,EejGang,,
2411531,Coliseo Dragons,,
2413217,SG Rejects,,
2413318,E-lab,,
2413439,Team SatuDuaTiga,,
2413625,Mewll,,
2414095,Avalon_Club,,
2414475,We.are.young,,
2416796,TeamCaca,,
2416903,Seijuro Akashi,,
2423787,Cygnus.Hyo,,
2428289,Elite Wolves PERU,,
2428808,bigot.gaming,,
2429026,MeowMeow<3,,
2429870,TLC GAMING,,
2432761,Just Okay,,
2434059,Morphling Too StronG,,
2434150,Chile Campeon de America,,
2435283,The Paradox Team,,
2435301,Voracious Wind,,
2435340,Absolute Control,,
2438049,Anomaly Gaming,,
2438184,iNCANATUS Gaming,,
2447557,EverNova,,
2447825,Team Maravish,,
2450271,Beardman and Francine,,
2450984,Landsholdet,,
2451258,UShkolnikaNetProkasta,,
2451788,Dream Weavers Gaming,,
2452860,eKeepo,,
2455306,Bromance Dota,,
2456483,Competitivo Nacional Dota.,,
2458673,Digital United,,
2460581,Garompa,,
2464846,Quella.Y,,
2467187,Soul of Storm,,
2468316,Dagrao Puro Purinho Purinhozinho,,
2469330,Dota Guide Indonesia - EZ,,
2469752,CrYsTaL Gaming....,,
2470246,Bac Gaming,,
2470457,InkPowerGaming,,
2473612,Varro.ROGnet,,
2475641,Fuck Jesse,,
2485652,Team Testerone,,
2486519,GUS-GAMING.COM,,
2486985,The Weeee Weeee Tootie,,
2487185,Team Re-Born,,
2487615,S.W.A.G-BOYS!!,,
2488005,Jackytards,,
2488099,Sector V.,,
2488383,Mango Fondlers,,
2493631,Loyality,,
2496757,Le Sausage,,
2496863,Team Hato`,,
2498618,322 Gaming,,
2507794,Team squartle,,
2509057,xd gamerss,,
2510256,TeamB eSports,,
2512130,G O L D E N B O Y S,,
2512249,Digital Chaos,,
2513928,Watermelon Delight,,
2514381,No Stun!,,
2515241,FalaGGa,,
2519319,(monkey) Business,,
2520154,Click E-Sport,,
2520506,Quieres Pene???,,
2520513,Raxco,,
2521210,Extremist Dota 2,,
2521453,D A R K B O Y S,,
2522066,Hard Pabery,,
2522965,TEAM TO END,,
2523655,Sinking Our Demons,,
2524597,InfinityVN,,
2524644,ThundeRobot Gaming,,
2526472,$5JuNGz$,,
2526570,Wonder Goat,,
2526876,GaoGaoGaming,,
2527452,LosGeo,,
2527544,T Show,,
2529517,Peluchines,,
2531618,Enso,,
2534405,Newteam123123,,
2534759,Lan/Savant,,
2535294,Noo Logic Gaming,,
2535378,Team FanTuan,,
2537636,Elements Pro Gaming,,
2537821,Ghost Servicios Generales S.A.C.,,
2538621,FTD club a,,
2538753,Fantastic.Five',,
2539001,Carrion Swarm Nepheline,,
2539098,FTD Club b,,
2539363,Team SPY.,,
2539797,WhiteLotusGaming,,
2541038,PIRESPEIGOD,,
2541923,JAYA FAN BOYS.,,
2542089,revenge soul,,
2542107,Ezel,,
2543224,Heart Gaming Reborn,,
2543788,$5SLGR$K$,,
2547053,Eglite Reborn,,
2547076,Legends_Five,,
2547908,Reset E-Sports,,
2548365,Walking Dragons,,
2548750,BlameTV.Ozone,,
2548953,Jaguar Gaming,,
2549611,LINAJE GAMING [1],,
2551906,The Tryhard Stack,,
2552118,FTD club c,,
2552670,Prodota GaminG,,
2553889,Drunk Drag0ns,,
2555665,Archon Dota,,
2556678,G0d Bless,,
2557593,Team5Ghost,,
2559058,MN Hyper,,
2559209,@Phoenix,,
2559227,/\,,
2559294,WeWannaWinClan,,
2559312,Gankea Papa,,
2559655,4Hate,,
2561072,BAD BOYS*****,,
2562047,Esphere.Online,,
2562580,All4Win_,,
2562907,TEAM.KAZAKHSTAN,,
2565827,Shibe Reloaded,,
2568520,TANGO GAMES,,
2569602,FRANKSTERSs,,
2570885,JoKeR LuShwinTaw,,
2576063,Dangerou's Team,,
2576315,UC Davis Aggies,,
2578382,Yellow Submarine !,,
2578617,Tauren Tripper,,
2579522,Rousey's Warriors,,
2579635,Goomba Gaming,,
2580190,Team Romania Nations Cup,,
2580420,Team.Senpai,,
2580456,Fifth Harmony-,,
2581402,Archangels of Chaos,,
2581425,LoversGaben,,
2581440,Team Germany!,,
2581538,WarZone GG,,
2581752,Make.Dream,,
2581813,Execration,,
2582524,PutaSexAlcohl,,
2584314,Reddit Trash,,
2585032,HappySoldier,,
2585286,FliaGitanes,,
2585302,Revival_Gaming,,
2586976,OG Dota2,,
2587309,The United States,,
2587871,.Big Red Machine.,,
2588343,Roar ,,
2588859,WE ARE IDIOTS,,
2588913,MAGIC IS MIGHT Gaming,,
2590382,AnaLyze.Sirus.G2A,,
2592133,2D TEAM_,,
2594638,Kentucky is the Worst State,,
2596552,RoG.Lyons,,
2600130,HTML Gaming,,
2600882,LONELYBOYZ,,
2603640,Zero Navigation,,
2604003,MAVERICK GAMBLER.simX,,
2605031,BLACK STEEL,,
2606139,Team YP,,
2607096,AHOJAHOJ2,,
2607363,No Ban CK,,
2607452,Walking Feed,,
2607646,Enjoy My Selfie,,
2608310,Anima Unity Oneck,,
2610071,Tim Discord,,
2612584,The Space Monkeys - BR,,
2612633,[AnimeStyle],,
2613736,BASYK,,
2615239,Jing's Boardgame Club,,
2618373,Make it for Soul,,
2619801,Hex Gaming.,,
2621066,The Underdogs .,,
2621097,Team Innova i9,,
2621137,5 Bolis,,
2621843,Team. Spirit,,
2622453,+7k,,
2622695,LUCCINI GAMING $$,,
2622867,Seven Friends,,
2626685,EHOME.KEEN,,
2628839,Team_.HaloXen,,
2629309,#NAME?,,
2632277,Pichau Arena,,
2633301,Malaysia Airline,,
2633510,DarkStyleGaming,,
2633773,STEAK GAMING,,
2634214,4 Classmates + Konama,,
2634252,Demon's Souls Peru,,
2634570,What Would EGA Do?,,
2634810,ehomel,,
2635099,CDEC.Youth,,
2635279,X-Generation E-Sports,,
2635752,Pariah Caste,,
2636350,Team Victoire,,
2639697,Sasssy Cats,,
2639782,4 Noobs and Newb,,
2640025,iG.Vitality,,
2640099,Shazam~,,
2640824,AD FINEM eSports,,
2640990,BEARIX.dota,,
2642171,Team AD FINEM,,
2642304,Team  Shark,,
2642413,G00mba Gaming,,
2642451,Kamikaze In The Face,,
2642671,Recovery Position,,
2642725,power of friendship !!,,
2642814,Team Road To 4K,,
2642915,.KungFu,,
2643083,Has Science Gone Too Far?!,,
2643401,CDEC.Avengers,,
2644250,THE KILLERS BROTHERHOOD,,
2644608,Kami Gaming,,
2644737,Next-Gen VietNam,,
2646608,E-HomeOP,,
2647702,RageForOwnageGaming,,
2649105,cq.hpf,,
2650667,~Ground Zero~,,
2650758,TIBUNET E-SPORTS,,
2651916,Hunkys from zavod,,
2653763,Team Rocket322,,
2659012,The Prime Eternal,,
2659468,WarriorsGaming.Unity,,
2661264,Indian_Knights,,
2662139,Mineski-X,,
2662329,Triage-X,,
2662670,Vikings Bad,,
2663590,SorrY-GG,,
2664588,The Prime Cinderpina,,
2666297,BALROGS E-SPORT.US,,
2666603,Old School Gaming.,,
2667326,Arena Lan Center 2,,
2667409,-War.Lords-,,
2667518,Team Decibel,,
2668269,ChewToy.Reborn,,
2668330,FNATICH,,
2669922,Team AGG,,
2670836,Tesla Reborn,,
2671602,Total Mage Fucker,,
2672298,Infamous -_^,,
2673829,CwGaming,,
2674713,San German Rejects,,
2675526,UNION PHYSICS,,
2675611,Objective-Gaming,,
2676492,Virus Nirvana,,
2676800,AgentiGabena,,
2676956,DDOS Attacks,,
2677025,Friendship,,
2677110,Wu Jie,,
2677563,.DREAD+4,,
2677589,TRON.trz,,
2678088,Belem Five,,
2679379,Speedy Gaming UNIT,,
2679590,Encore e-Sport,,
2679744,Intelligence quotient xD,,
2680502,HWA Gaming,,
2680729,Slayers Of Heaven,,
2683230,Team Richarino,,
2685005,TeamTiltTrain,,
2685608,ToPower Gaming,,
2686160,Time Limit Draft,,
2686458,4 Memers & A Bear,,
2686908,Digital Geniuses/TEAM SPORTS PRO,,
2687313,Skyville!,,
2687319,doturnira5minut,,
2687650,Monster Pc Gaming,,
2688106,Newbie y,,
2688113,ALKO Gaming,,
2688562,SandJonas,,
2689306,Apenjer588,,
2689600,DOGMA.GAMING,,
2689801,_Nas Ne Dogonyat,,
2691020,Twitter Fingers,,
2697725,sosateli HUEV,,
2699723,NoLifer5,,
2700097,Aai Zavli Palaaa,,
2700723,lifesteaker,,
2700789,ALIEN ESPORT,,
2701329,Team Freedom Dota 2,,
2702129,SIBERIAN-VALENKI,,
2706795,Monkey Freedom Fighterss!,,
2710020,F for Puck,,
2710058,-Team Gaming -,,
2711117,The Meme Machines,,
2711598,sorry we're hotter than you,,
2713577,borz1kkTheSuperman))),,
2714312,Aggressive 5,,
2715234,2KILLGAMING,,
2717255,FANTOMAS CLUB,,
2717348,bratva kadirova,,
2717848,RipGaming,,
2718418,Pro Wanna Be,,
2718469,5implex,,
2718888,Vadyan Sysoev+4,,
2719572,Abandoned.Gaming,,
2721427,Blame It On Supports,,
2722185,MGS_D2 E.Sport,,
2722597,.Averia.,,
2723475,LEVEL21,,
2724877,Danger ZoneXTREME,,
2725711,PODA BRUCE !,,
2727374,Pirojki s kartoshkoi,,
2727654,Exiled Legion,,
2728023,No Animated Japanese Cartoons,,
2728036,6vLittleCaesars THE DREAM,,
2728038,Soggy Mitts,,
2730057,OOGWAY,,
2731156,Panda X Gaming,,
2733043,Victory Seekers,,
2734681,THE GREEN EMPIRE,,
2734828,Team Noprice,,
2736125,STAF*KOREAN,,
2736407,Female Body Inspectors,,
2736919,Wisnu Cyber Game,,
2738555,Beyond_Infinity,,
2738689,Da Teletubbies,,
2739500,B33F,,
2740064,Immortal Red Wargame,,
2740432,PMM_DSG,,
2740736,Team Mugsy,,
2741602,Too eZe!,,
2741983,GranD T Fantasy,,
2742031,GlimmerBoys,,
2743063,ADAM'SON,,
2744488,SOLYANOVO,,
2746592,Ancient Forgotten Kings,,
2746885,Wings Red Gaming,,
2747965,Fuck Big Bird Crew,,
2748441,G1 Dota2,,
2750763,OyunHizmetleri,,
2751239,N.Proph3t,,
2752010,Aero Esports,,
2752948,Infuzed eSports,,
2754835,Revival E-sports MKSR,,
2755103,Moonlight Warrior,,
2755844,Major Creater,,
2757184,Just_ForFun,,
2757429,balrogs!,,
2757494,iNvaders!,,
2757607,Team Rising Starz,,
2757962,Bracer King,,
2759317,Elements One,,
2759797,Death Knox,,
2760350,ThunBlom Gaming,,
2760485,Master of Memes,,
2760732,RISPER,,
2761257,UnderTake,,
2761621,ToxicGamers,,
2761691,Swarg.Gaming,,
2762199,Team Skyfire,,
2762342,Samurai Champlo0 2.0,,
2762745,BrooDMotherS,,
2764226,Invincible I,,
2764871,CNB e-Sports,,
2764877,FTD.VN,,
2765063,Merlini's Minions,,
2765221,Minions,,
2765912,Life for Games 1,,
2766146,PrivateTe4M,,
2766661,Xenim,,
2766888,KingR1se,,
2766939,Cynical.,,
2767311,DagestanCyberPower,,
2767412,G3nerationX.,,
2767521,BigDongers,,
2767585,gossip girls ;),,
2767921,Team-Rave,,
2768859,Thirsty Murdere,,
2769127,Late_Game-Good_Game,,
2769668,TEAM AYI,,
2770071,myR.IND,,
2771118,Daisy Merollin,,
2771474,Kn|ghtmare,,
2774638,DoubleMelons,,
2775977,Ago-GAMING,,
2776208,White Fries Gaming,,
2777247,Vici_Gaming Reborn,,
2777582,Serene.Chaos,,
2777986,Invincible Xtreme,,
2778851,Massive Makers!,,
2779388,Potens Ultra Mensuram,,
2780729,G.star,,
2781555,Haunt Till Die,,
2781642,CritHappens!,,
2781910,Laki Ganteng Berkumis Tipis,,
2781959,DEMOLITION.[X],,
2783809,Majapahit Esports,,
2783830,Red Machine Gaming,,
2783891,UtarMyCho1ce,,
2783913,Escape Gaming,,
2784238,Heavens Divider,,
2785646,MAX.X,,
2787008,Corgi in a Team,,
2787107,Hatsune Miku IDOL Project,,
2787485,My tribe,,
2787759,Shot eSports Club,,
2788064,Vici Gaming Europe,,
2788336,4Vikings+Dane,,
2788413,perky pepperonis,,
2788415,Team One !,,
2788462,Faccao Porco Gordo,,
2789129,BraveHeart.Zombie,,
2789230,alpha meow,,
2789395,Orange.Taring,,
2789717,Polarity Dota 2,,
2789723,Florida Boys,,
2789904,Name+4,,
2790329,Team Optix,,
2790766,FlipSid3 Tactics,,
2791077,Vultur Gaming,,
2791444,6 Buckler Gaming,,
2791473,The rechuchaboy,,
2791586,EverNovaS,,
2793529,Under 1K,,
2794081,United eSports UK,,
2795187,Asperia_Multigaming,,
2795324,Dangerzone v420,,
2796444,Mauritius,,
2797646,Chillon Lacteo,,
2797696,Ghetto Chupacabras,,
2798202,ANTON NA INVOKERE,,
2798377,GTM GAME,,
2798752,Ants E-sports,,
2799118,AutisTEAM,,
2799715,Aggron Stonebreaker,,
2799801,KanayaGaming,,
2800043,Team SeeD^,,
2800624,DTrump2016,,
2800725,DigitalSpirit###,,
2800961,Bong5,,
2801532,Natus Vincere MN,,
2801546,MaGGy's Team,,
2802762,Bulba.,,
2803452,Dismay eSports,,
2803739,Command Centre. X,,
2803858,Simple Nation,,
2803997,AlteReal,,
2804794,MoGuL Empire,,
2805105,Sexy Pigs.,,
2805159,KAPPA BOIZz,,
2805223,Garena StylEeee Reborn,,
2805484,Team CypheR .,,
2805714,ASH~,,
2807435,.Stiernackenkommando.,,
2807741,TEAM NAKAL,,
2809134,ELEVENDOTA,,
2809917,Mamkiny sportsmeny,,
2810768,Five Monkey Fury,,
2811294,peruvianRETARDS,,
2811649,Viking.dota2,,
2811841,O2esports,,
2811868,Anima.Godless5,,
2812226,Anima.Al,,
2812361,4 Purples and a White Guy,,
2812464,Jukes On YouU,,
2813244,Cassio de Kunkka,,
2813258,Cyber Raccoons,,
2813753,Team^V,,
2814413,6bucklergaming,,
2814772,GreatDeeck,,
2814991,boomloomdoom,,
2815436,Synergy Cub.Reborn,,
2815482,Team ~MSR~,,
2816039,MobSquad,,
2816074,PewpewStudio,,
2816816,LGD - GAMING,,
2818247,altovalletest,,
2818499,BABBBITERBANG,,
2818524,Irtysh Esports vol. 2,,
2818688,Rane Jogs and Takes Selfies,,
2820808,Propter Empetor,,
2821010,KAMA3-Gaming,,
2822149,S1mple Guys,,
2822304,Team Arcsaber,,
2822317,To.be.or.not.to.be,,
2822369,GameOverNeT.,,
2822472,Team OWNAGE.,,
2822651,Devil May Cry._.,,
2823332,Quasar-X,,
2823463,Wild Fire.,,
2823519,RISK.US,,
2823931,Xp0ison,,
2824248,Animus Vox Team,,
2824693,-Unique~,,
2824755,MysteriOuS.S,,
2825580,Sandak-Team,,
2825696,Team aeGi$,,
2826200,7DaysToFeeD,,
2826725,Reborn Generation.,,
2827243,Invisible Wings,,
2827285,Oh Well.,,
2827288,Harvard Esports,,
2827487,Suicide Squad Z,,
2828325,myRisk e. V.,,
2828440,Re of Ka,,
2828442,The Color Blue,,
2828515,SpOntaneousys,,
2828688,Molon Labe Esports,,
2828740,We Are Young.Amazing,,
2828935,Team Litedogs,,
2829378,Robert Is Trash,,
2829386,Anser Furorem,,
2829590,1p4,,
2829756,Thrilla In Manila,,
2830221,Generation_of_Miracles-,,
2830547,SmallPond,,
2830692,LosLowSkill,,
2830706,TheStorySoFar,,
2830827,Kook1e? Krow Klub,,
2830851,RoadToManila,,
2830956,GeForcE TroN,,
2830967,EternityX Dota2,,
2831342,C o r r o s i v e,,
2831543,Ultimatum Gamers,,
2831630,SHOCK CONTENT,,
2831881,Digital Geniusese,,
2831886,4pro1retard,,
2831896,Granaya3kKomandaa,,
2831964,_Team Toast_,,
2832104,BICK DICK,,
2832186,The Phonttyneli,,
2832249,Malachite Boiz,,
2832254,HelenaPlus5,,
2832255,Vash's New Meta,,
2832262,Fish Moley,,
2832305,TRILANE MIDz,,
2832413,The Meme Regime (Kappa),,
2832601,Move On From Your X,,
2833354,Vici Gaming Potential,,
2833387,SumicoLovers,,
2833875,Kokinet Gaming - Peru,,
2833943,Old Bois,,
2833945,Davai.Gaming.,,
2834646,LessAndMore,,
2834772,SackTeam,,
2834942,TeamTopKek,,
2835127,EBAWILOVO126,,
2835196,3.1k players,,
2835215,F a k e,,
2835241,Dragon Celstial,,
2835286,MinerosTeam,,
2835368,Arg//Von,,
2835402,TeamGorilla!,,
2835473,FASCS,,
2835526,Horilka Warriors,,
2835921,Eat Sh*t Gaming,,
2836814,Cool Candy,,
2837183,Dragon Slayerzzz,,
2837949,Adversity Rebirth,,
2838237,Chuck and Tuck Dynasty,,
2838766,huanggang lkd,,
2838805,STARK.young,,
2839443,Limang PiNoise,,
2839755,On The Spectrum,,
2840439,DigitaIChaos,,
2840440,Death Hammer,,
2841089,EZ GAME_EZ LIFE,,
2841819,Undef1ned,,
2842143,HotShots,,
2842190,Jericho Team,,
2842316,Team Warriorz,,
2842442,Koala Bears (pink),,
2842518,Team GoldFish,,
2842641,team XXVIII,,
2842794,Team Bad English,,
2842983,Q'ROS Gaming,,
2843041,Paragon5,,
2843660,Magnator gaming,,
2844075,SYNDROME TEAM,,
2844153,D-Company.Avengers,,
2845124,Sundaysss,,
2845174,Kung FuP@ndas,,
2845282,YeLuZ,,
2845744,RAUL EZ MID,,
2845796,VerdantGaming,,
2845819,Bot Gaming - Five Bots,,
2845907,The Boys Unheard,,
2846632,Uni5ive,,
2847125,Numot FanGAYS,,
2847967,-25MMR,,
2848682,Cartmans Cavalry,,
2848978,Views 6,,
2849265,ZERO'ONE,,
2849320,So Far So Good Reborn,,
2849405,Winter Omniscients,,
2850016,Sanguine Sharks,,
2850065,'Mad Scientists',,
2850424,Sweet Boys 69,,
2850449,TheTrainTheTrone,,
2850822,King Arthur & 4 Knights,,
2854119,Chup re Otye...,,
2854237,FTW-India,,
2854942,MAX.Y,,
2855366,Team POSEIDON Trident,,
2856191,Chup re Otye,,
2856589,Valkyrie eSports Gaming,,
2856645,Yokai,,
2857323,Koi Bhi AaO,,
2858024,Team Skyfire v2,,
2859105,Team DileCom,,
2859283,Emperor Slayer,,
2859787,THE RUFFIANS BOYS,,
2860081,team_ftd_a,,
2860369,WilD ExecuTioN,,
2860414,trg,,
2860670,Virtual Reality,,
2861756,Basura Boys ,,
2862712,V Rulzz,,
2863702,Dirty Half Dozen,,
2863833,Team Bankai,,
2866312,OnceAgain,,
2867175,PuckYou,,
2868230,OctaCore,,
2870421,Team Explosion,,
2870739,Cum Back is R3al,,
2870830,High Hopes,,
2872648,Dauna Tima,,
2873780,FXGaming,,
2874287,Slayer E-Sport,,
2874754,Dynasty Gaming,,
2875905,Nyx.Nyx.Nyx,,
2879076,Mind Body & Soul,,
2879311,STEAKHOUSE,,
2879968,KNIGHTS OF ILLUMINATION,,
2880140,Fire Dragoon E-Sports,,
2881728,Team MisCommuNicaTioN,,
2881745,Fisker Insidious,,
2882054,Contract Killerz,,
2882819,BAMBOO BOYS,,
2884142,Unknown Team,,
2884206,Gathers e-sports,,
2884450,At Its Finest,,
2885730,Team Spark,,
2885851,GD ea,,
2885968,Shot E/sports Club,,
2886271,Noobs. inc,,
2887084,Frostmourne Hungers,,
2887109,NoLimit,,
2887577,sQreen's squad reborn,,
2887652,LGM Gaming,,
2888228,Shit Happens,,
2888334,Threye,,
2888351,Evil Dragons,,
2888534,No Sound Gaming,,
2888546,HiKaiXxX,,
2888565,Throw Gaming,,
2888612,DotaVizardZ,,
2888615,Xenim,,
2888789,KNS,,
2888800,siliguri,,
2888838,INSANE GAMERS,,
2889535,Team Solid,,
2890277,Juke's On You,,
2890527,Gaming Pirates,,
2890909,Isurus Gaming HyperX,,
2891233,Account Buyers,,
2891708,MegaNoobs,,
2891903,Devastated by Agony,,
2891935,Indo Badut,,
2892145,Will2Win,,
2892176,TEAM SHIELD,,
2892184,TEAM Kana Kala Se,,
2892193,Team Kingmakers,,
2892584,Rebellion,,
2892819,Revenge eSports,,
2893048,exRogue Gaming,,
2893154,Team Knock-Out,,
2893752,Knights of Retalliation,,
2895170,Flawless Legends,,
2895345,Infamus ,,
2895823,Seng Penting Yakin,,
2895840,ROYAL GAMING,,
2895887,Anak Bintaro Ciledug Dansekitarnya,,
2896997,Interactive ph,,
2897202,NEPHILIMsss,,
2897338,XR,,
2897409,Troll2Win,,
2897551,theprime cinderpinaa,,
2898368,Ban Chen,,
2898469,Control Parental,,
2898891,Ray,,
2899037,Fuckt Old Monk ,,
2899111,Team MuGiWaRA,,
2899313,SMOKE TEAM,,
2899426,BOD,,
2899573,Furious Gaming !,,
2899688,KANGEN_ABED,,
2899823,[AMATORY],,
2900066,CyberLove,,
2900149,SHEKELSTACK,,
2900249,Vape Nation,,
2900318,Bleach Boyz,,
2901210,KehKeLenge,,
2901306,Manipal DOTO youTH,,
2901438,German Five,,
2901555,Too Many Meepos,,
2901816,Steel City Gaming,,
2901911,PYYP,,
2901980,Dream Seekers Gaming,,
2902010,People That Play Dota,,
2902075,The Voyagers,,
2902088,Tabasco Dragons,,
2902156,Bought WinRAR,,
2902802,Freaks,,
2903255,Ledniki Severnogo Kavkaza,,
2903428,Meepo's GaminG,,
2903593,Pojo Come Back,,
2903676,2 Peas in a Pod,,
2903701,TimberPickers,,
2903762,Tremors Five,,
2903887,RTZ banana boyz,,
2903993,5 Kilogram ,,
2903995,Build That Wall,,
2904013,Surprise Gaming,,
2904066,Sticks & Stones,,
2904075,6th Dimension,,
2904123,PJSalt 4Head,,
2904129,2Placa,,
2904133,Sausage Party,,
2904138,Team MrChoco,,
2904150,Flawless Clover,,
2904151,wwwwwwwwww,,
2904158,Young Children,,
2904164,Fat Boy Mill 2016,,
2904176,Manaus Gaming,,
2904183,DRAGON WARRIORS,,
2904239,BEBESASO,,
2904265,Randoms,,
2904279,Fantea,,
2904306,jajajaxd,,
2904474,Haengbog,,
2904701,zoneBack,,
2905280,Stupid Team,,
2905407,MILAN,,
2905646,Five Alcoholic Granite Staters,,
2905826,TimNuv,,
2905880,Yeswecan!,,
2906027,InterVentus,,
2906315,iQuit Mantis,,
2906481,Avalon.Inspired,,
2906899,CHOCOLOVERS,,
2906994,Five Fufels,,
2907043,Down To Feed,,
2907083,Furor Divinus,,
2907229,Team Ascension,,
2907269,AFK-AFK,,
2907337,Ryan isnt 4k,,
2907354,Zero Gaming,,
2907355,ZeRoAllStars,,
2907361,TrashBack,,
2907378,Death by Dunk,,
2907381,5Shumos,,
2907402,WinX Club,,
2907408,Las Ratas Caza Lolis,,
2907415,Booty Werk,,
2907418,DODGE STACK,,
2907425,Post Grad Dota2,,
2907426,Gym Tan Laundry,,
2907429,Peedur,,
2907438,DREAM CRUSHER BOYS,,
2907444,We Go To Temple,,
2907448,Team Terces,,
2907467,Inpetus Gaming,,
2907472,PRONOOBS,,
2907483,Moist Napkins,,
2907487,Digital Boys,,
2907490,Team Marci,,
2907504,Dark Knights,,
2907510,ProLifeTeam,,
2907534,LanCenterNaFraRebornGaming,,
2907557,Noob United,,
2907568,SJLDOTO,,
2907596,Operation Keyno,,
2908251,Mahameru   ,,
2908903,YES TODAY!!!,,
2909240,Rock,,
2913393,DoOrDie,,
2913514,Mosnter Gaming,,
2913529,TTFU^,,
2913570,Sukha Blyatt,,
2914499,MoonLight,,
2914678,2K Overlords,,
2915789,Team Panda,,
2915834,BALDER GOODS GAMING,,
2916720,Revolution,,
2916729,KZL,,
2916760,South Indian Rejects,,
2916896,Gatchina,,
2917263,Feral Rage,,
2917324,TBD,,
2918615,For Fun,,
2919564,numot fanboy,,
2919736,Mortality Gaming ,,
2919821,numot fanboysss,,
2919890,KK Gamers,,
2919891,Random 5,,
2920419,5 Scrubs 1 Team,,
2920861,2K Dogs,,
2920874,GGWP Boiz ,,
2921082,A TEAM,,
2921257,InFiNitY GaMer'S,,
2921284,FML,,
2921289,Damage Inc. Team X,,
2921333,Team Retribution,,
2921429,wolfrick gaming ,,
2922297,TROLL GAMING,,
2922410,Team Ultranoobs,,
2922425,Insane5,,
2922845,Heights of Innocence,,
2923316,INfamous *_*,,
2923534,NO POTM GAMING,,
2923667,Sham3,,
2923671,KNIGHTS OF ILLUMINATION,,
2924498,Team Chaos,,
2925060,limitless,,
2925512,Road to 1.5k mmr,,
2925765,TeaM Envy,,
2925930,Got5?,,
2926573,KINGS WITHOUT CROWNS,,
2926857,4c1bc,,
2928208,DC.Hco ,,
2929173,VG,,
2931260,Injoker Boys,,
2931279,Friendship,,
2941546,Silent Readers,,
2969737,Tampan-Tampan Nangkring Team,,
2970103,friends,,
2971555,9MMDCC,,
3016612,CDEC AVENGERS,,
3020072,DUOBAO.INT,,
